Quintile,total,share
1,0,0
2,0,0
3,240964258,0.0410250660447115
4,1180529974,0.200989642833717
5,4452091876,0.757985291121572
