Quintile,total,share
1,0,0
2,0,0
3,101276124.335734,0.0255450536906853
4,724696002.274642,0.182791338125869
5,3138635877.82154,0.791663608183445
