Taxable_Income_decile,total,min_income,tot_adults,share
1,0,0,7291381.9465171,0
4,0,1,2106084.79129773,0
5,37231154,17509,2349383.04305018,0.006
6,203733104,34060,2349383.04305018,0.035
7,446165414,51250,2349322.06604473,0.076
8,734364560,69367,2349383.04305018,0.125
9,1174487105,95129,2349383.04305018,0.2
10,3277604771,139306,2349322.06604473,0.558
