Taxable_Income_decile,total,min_income,tot_adults,share
1,0,0,7556310.12261191,0
4,0,1,1944741.44976729,0
5,31521701,16247,2375199.50080182,0.005
6,194876099,33177,2375260.45492969,0.033
7,441247586,50501,2375260.45492969,0.075
8,733057277,68655,2375260.45492969,0.125
9,1178193115,94368,2375260.45492969,0.201
10,3294690330,138533,2375199.50080182,0.561
