Quintile,total,share
1,0,0
2,0,0
3,101303508.931861,0.0255485442735112
4,724825991.379725,0.182799679168195
5,3139008702.76375,0.791651776558294
