Taxable_Income_decile,total,min_income,tot_adults,share
1,0,0,6467939.75136079,0
4,0,1,1641474.12311134,0
5,6978212.37645698,12894,2027299.3615188,0.002
6,94297911.959277,25086,2027351.38757576,0.024
7,253447027.193535,38027,2027351.38757576,0.064
8,471248975.081108,51432,2027351.38757576,0.119
9,786539061.282196,69579,2027351.38757576,0.198
10,2352096816.53934,99543,2027299.3615188,0.593
