Taxable_Income_decile,total,min_income,tot_adults,share
1,0,0,6465513.08570088,0
4,0,1,1640858.26875288,0
5,6980963.97960592,12894,2026538.75181431,0.002
6,94322544.9522549,25086,2026590.75835194,0.024
7,253497834.635124,38027,2026590.75835194,0.064
8,471328156.744601,51432,2026590.75835194,0.119
9,786646889.385339,69579,2026590.75835194,0.198
10,2352361813.37841,99543,2026538.75181431,0.593
