Taxable_Income_decile,total,min_income,tot_adults,share
1,0,0,7288646.33875589,0
4,0,1,2105294.62258306,0
5,37245255,17509,2348501.59279373,0.006
6,203781693,34060,2348501.59279373,0.035
7,446231365,51250,2348440.63866586,0.076
8,734477566,69367,2348501.59279373,0.125
9,1174630552,95129,2348501.59279373,0.2
10,3277913083,139306,2348440.63866586,0.558
