Quintile,total,share
1,0,0
2,0,0
3,241026948,0.0410308953507519
4,1180708931,0.200996382311405
5,4452543635,0.757972722337843
