Taxable_Income_decile,total,share
1,0,0
4,0,0
5,7390373.11809284,0.002
6,95248568.9300472,0.024
7,254406331.433271,0.064
8,471646743.282339,0.119
9,786254838.766804,0.198
10,2350191347.54478,0.593
