Taxable_Income_decile,total,min_income,tot_adults,share
1,0,0,7559146.19115699,0
4,0,1,1945471.35893784,0
5,31521701,16247,2376090.97143804,0.005
6,194876099,33177,2376151.94844349,0.033
7,441247586,50501,2376151.94844349,0.075
8,733057277,68655,2376151.94844349,0.125
9,1178193115,94368,2376151.94844349,0.201
10,3294690330,138533,2376090.97143804,0.561
