Taxable_Income_percentile,total_delta,prop
1,0,0
2,-1760446,0.00498100175491125
3,-8622649,0.0243969027172567
4,-13329575,0.0377146680257282
5,-14616753,0.0413566064191144
6,-14546335,0.0411573658962143
7,-15318107,0.043341015770389
8,-35133905,0.0994077878343812
9,-75902476,0.214758286342273
10,-174201872,0.492886365239732
