Taxable_Income_percentile,total_delta,prop
1,0,0
2,-1760446,0.00497118605966302
3,-9247035,0.0261119804215614
4,-13341150,0.037673032231533
5,-14678650,0.0414498940919929
6,-14546335,0.0410762600904477
7,-15318107,0.0432556068057904
8,-35133905,0.0992118921895502
9,-75902476,0.214335077920656
10,-174201872,0.491915070188805
