Taxable_Income_percentile,total_delta,prop
1,0,0
2,0,0
3,-1106869.30236811,0.0118905845584771
4,-3508433.89494283,0.0376894813203259
5,-6180059.24890466,0.0663895158337861
6,-8738424.52002428,0.0938728497040412
7,-11865679.993611,0.127467507686775
8,-15999954.7548983,0.171880107739816
9,-22705225.1357768,0.243911723650303
10,-22983232.632993,0.246898229506476
