Taxable_Income_percentile,total_delta,prop
1,0,0
2,0,0
3,-3852498.22013564,0.0124951443523546
4,-12206814.6763977,0.0395914294435835
5,-21669746.127443,0.0702833824882976
6,-30624046.3491133,0.0993256473904088
7,-41564776.9467264,0.134810675630756
8,-56037851.2738892,0.181752463168789
9,-70978475.1007959,0.230210694883392
10,-71385416.2332133,0.231530562642419
