Taxable_Income_percentile,total_delta,prop
1,0,0
2,0,0
3,-3852581.15867394,0.0124954089757947
4,-12206824.6748195,0.0395914479995518
5,-21669761.2252429,0.070283406829106
6,-30624046.3491133,0.0993256125868548
7,-41564776.9467264,0.134810628393303
8,-56037851.2738892,0.181752399483005
9,-70978475.1007959,0.230210614217919
10,-71385416.2332133,0.231530481514466
