Taxable_Income_percentile,total_delta,prop
1,0,0
2,0,0
3,-1107497.1172998,0.0118952555429041
4,-3509443.03949651,0.0376937520793353
5,-6181791.69893049,0.066396553835793
6,-8740276.09939728,0.0938763777294094
7,-11867904.7886906,0.12746918977498
8,-16002344.7566629,0.17187582449899
9,-22708520.072454,0.243904607103267
10,-22986327.1102547,0.246888439435322
