Taxable_Income_percentile,total_delta,prop
1,0,0
2,-1914261,0.00541128517554373
3,-8790203,0.0248483854520987
4,-13329575,0.0376804059602104
5,-14616753,0.0413190358177303
6,-14546335,0.0411199762958096
7,-15318107,0.0433016424231035
8,-35133905,0.0993174803673384
9,-75902476,0.214563188178552
10,-174201872,0.492438600329613
