Taxable_Income_percentile,total_delta,prop
1,0,0
2,-1760446,0.00498276815064988
3,-8601525,0.0243457651169185
4,-13225407,0.0374332054371347
5,-14616753,0.0413712725720165
6,-14546335,0.0411719613931263
7,-15318107,0.043356385647641
8,-35133905,0.0994430404806275
9,-75902476,0.214834445344116
10,-174201872,0.49306115585777
