Taxable_Income_percentile,total_delta,prop
1,0,0
2,-1759492,0.0049691682957465
3,-9245097,0.0261100606899611
4,-13337724,0.0376684834248846
5,-14675522,0.041446700892036
6,-14543727,0.0410744846298774
7,-15315700,0.0432546955980275
8,-35129205,0.0992121201692189
9,-75893096,0.214337755732476
10,-174182226,0.491926530567772
