Taxable_Income_percentile,total_delta,prop
1,0,0
2,0,0
3,-3852581.15867394,0.0124896959638686
4,-12248890.6748195,0.0397097203465062
5,-21768726.2252429,0.070572107601637
6,-30624046.3491133,0.0992802000349024
7,-41564776.9467264,0.134748991777064
8,-56037851.2738892,0.181669300672245
9,-70978475.1007959,0.230105359881138
10,-71385416.2332133,0.231424623722639
